Year,Units,Category,Value
2014,yes/no (1 is equivalent to 'yes'),Implementation of the strategy for the introduction of the national statistical plan,1
2015,yes/no (1 is equivalent to 'yes'),Implementation of the strategy for the introduction of the national statistical plan,1
2016,yes/no (1 is equivalent to 'yes'),Implementation of the strategy for the introduction of the national statistical plan,1
2017,yes/no (1 is equivalent to 'yes'),Implementation of the strategy for the introduction of the national statistical plan,1
2018,yes/no (1 is equivalent to 'yes'),Implementation of the strategy for the introduction of the national statistical plan,1
2019,yes/no (1 is equivalent to 'yes'),Implementation of the strategy for the introduction of the national statistical plan,1
2020,yes/no (1 is equivalent to 'yes'),Implementation of the strategy for the introduction of the national statistical plan,1
2021,yes/no (1 is equivalent to 'yes'),Implementation of the strategy for the introduction of the national statistical plan,1
2022,yes/no (1 is equivalent to 'yes'),Implementation of the strategy for the introduction of the national statistical plan,1
