Year,Units,Category,Value
2022,points,"The degree to which legal frameworks promote, enforce and monitor gender equality in public life, on a 0-100 scale",100.0
2022,points,"The degree to which legal frameworks promote, enforce and monitor gender equality with respect to violence against women, on a 0-100 scale.",88.9
2022,points,"The degree to which legal frameworks promote, enforce and monitor gender equality with respect to employment and economic benefits, on a 0-100 scale.",80.0
2022,points,"The degree to which legal frameworks promote, enforce and monitor gender equality with respect to marriage and family benefits, on a 0-100 scale.",81.8
