Year,Units,Kategorija,Value
2020,%,Udio majki sa novorođenčadima koje primaju porodiljsku novčanu naknadu,100.0
2016,%,Udio stanovništva iznad zakonske starosne dobi za penziju koje prima penziju,52.3
2020,%,Udio stanovništva iznad zakonske starosne dobi za penziju koje prima penziju,90.6
2014,%,Udio nezaposlenih koji primaju novčanu naknadu za nezaposlene,35.6
2020,%,Udio nezaposlenih koji primaju novčanu naknadu za nezaposlene,29.3
2020,%,Udio stanovništva sa teškim invaliditetom koje prima invalidninu,100.0
2020,%,Udio stanovništva obuhvaćenog najmanje jednim davanjem socijalne zaštite,41.0
