Year,Units,Kategorija,Value
2018,%,"Kapacitet međunarodnih zdravstvenih propisa (IHR), godišnji izvještaj o samoprocjeni države (SPAR), zakonodavstvo i finansiranje",47
2019,%,"Kapacitet međunarodnih zdravstvenih propisa (IHR), godišnji izvještaj o samoprocjeni države (SPAR), zakonodavstvo i finansiranje",47
2020,%,"Kapacitet međunarodnih zdravstvenih propisa (IHR), godišnji izvještaj o samoprocjeni države (SPAR), zakonodavstvo i finansiranje",53
2018,%,"Kapacitet međunarodnih zdravstvenih propisa (IHR), godišnji izvještaj o samoprocjeni države (SPAR), koordinacija IHR-a i funkcije nacionalne kontakt tačke za IHR",50
2019,%,"Kapacitet međunarodnih zdravstvenih propisa (IHR), godišnji izvještaj o samoprocjeni države (SPAR), koordinacija IHR-a i funkcije nacionalne kontakt tačke za IHR",50
2020,%,"Kapacitet međunarodnih zdravstvenih propisa (IHR), godišnji izvještaj o samoprocjeni države (SPAR), koordinacija IHR-a i funkcije nacionalne kontakt tačke za IHR",50
