Year,Units,Kategorija,Value
2022,bodovi,"Stepen do kojeg pravni okviri promovišu, sprovode i prate rodnu ravnopravnost u javnom životu, na skali od 0 do 100",100.0
2022,bodovi,"Stepen do kojeg pravni okviri promovišu, sprovode i prate rodnu ravnopravnost u pogledu nasilja nad ženama, na skali od 0 do 100.",88.9
2022,bodovi,"Stepen do kojeg pravni okviri promovišu, sprovode i prate rodnu ravnopravnost u pogledu zapošljavanja i ekonomskih koristi, na skali od 0 do 100.",80.0
2022,bodovi,"Stepen do kojeg pravni okviri promovišu, sprovode i prate rodnu ravnopravnost u pogledu bračnih i porodičnih beneficija, na skali od 0 do 100.",81.8
