Year,Units,Category,Value
2011,per_capita_kg,hazardous_waste,252.1
2012,per_capita_kg,hazardous_waste,338.2
2013,per_capita_kg,hazardous_waste,398.5
2014,per_capita_kg,hazardous_waste,436.3
2015,per_capita_kg,hazardous_waste,475.6
2016,per_capita_kg,hazardous_waste,525.0
2017,per_capita_kg,hazardous_waste,483.4
2018,per_capita_kg,hazardous_waste,546.2
2019,per_capita_kg,hazardous_waste,528.5
2020,per_capita_kg,hazardous_waste,553.5
2011,per_capita_kg,processed_hazardous_waste,112.6
2012,per_capita_kg,processed_hazardous_waste,100.1
2013,per_capita_kg,processed_hazardous_waste,99.5
2014,per_capita_kg,processed_hazardous_waste,99.1
2015,per_capita_kg,processed_hazardous_waste,102.4
2016,per_capita_kg,processed_hazardous_waste,99.7
2017,per_capita_kg,processed_hazardous_waste,99.9
2018,per_capita_kg,processed_hazardous_waste,99.8
2019,per_capita_kg,processed_hazardous_waste,111.5
2020,per_capita_kg,processed_hazardous_waste,92.6
2011,%,waste_operation_r,0.5
2012,%,waste_operation_r,1.4
2013,%,waste_operation_r,1.9
2014,%,waste_operation_r,1.5
2015,%,waste_operation_r,1.7
2016,%,waste_operation_r,0.8
2017,%,waste_operation_r,0.6
2018,%,waste_operation_r,0.6
2019,%,waste_operation_r,0.3
2020,%,waste_operation_r,0.3
2011,%,waste_operation_d,96.7
2012,%,waste_operation_d,98.2
2013,%,waste_operation_d,97.3
2014,%,waste_operation_d,97.8
2015,%,waste_operation_d,97.5
2016,%,waste_operation_d,98.8
2017,%,waste_operation_d,98.7
2018,%,waste_operation_d,98.8
2019,%,waste_operation_d,88.6
2020,%,waste_operation_d,99.2
2011,%,waste_export,2.8
2012,%,waste_export,0.4
2013,%,waste_export,0.8
2014,%,waste_export,0.7
2015,%,waste_export,0.8
2016,%,waste_export,0.4
2017,%,waste_export,0.7
2018,%,waste_export,0.6
2019,%,waste_export,11.1
2020,%,waste_export,0.5
